{"Version":1,"ManifestType":"Publish","Endpoints":[{"Route":"images/cgt.blv9e4e1gk.jpg","AssetFile":"images/cgt.jpg","Selectors":[],"ResponseHeaders":[{"Name":"Accept-Ranges","Value":"bytes"},{"Name":"Cache-Control","Value":"max-age=31536000, immutable"},{"Name":"Content-Length","Value":"11366"},{"Name":"Content-Type","Value":"image/jpeg"},{"Name":"ETag","Value":"\"L4YJTur9jeE5Ts8GNEqrtkGMi5tB9r22GOv5G37pGLk=\""},{"Name":"Last-Modified","Value":"Thu, 05 Feb 2026 12:14:59 GMT"}],"EndpointProperties":[{"Name":"fingerprint","Value":"blv9e4e1gk"},{"Name":"integrity","Value":"sha256-L4YJTur9jeE5Ts8GNEqrtkGMi5tB9r22GOv5G37pGLk="},{"Name":"label","Value":"images/cgt.jpg"}]},{"Route":"images/cgt.jpg","AssetFile":"images/cgt.jpg","Selectors":[],"ResponseHeaders":[{"Name":"Accept-Ranges","Value":"bytes"},{"Name":"Cache-Control","Value":"no-cache"},{"Name":"Content-Length","Value":"11366"},{"Name":"Content-Type","Value":"image/jpeg"},{"Name":"ETag","Value":"\"L4YJTur9jeE5Ts8GNEqrtkGMi5tB9r22GOv5G37pGLk=\""},{"Name":"Last-Modified","Value":"Thu, 05 Feb 2026 12:14:59 GMT"}],"EndpointProperties":[{"Name":"integrity","Value":"sha256-L4YJTur9jeE5Ts8GNEqrtkGMi5tB9r22GOv5G37pGLk="}]},{"Route":"images/logoybt.675wr15xm1.jpg","AssetFile":"images/logoybt.jpg","Selectors":[],"ResponseHeaders":[{"Name":"Accept-Ranges","Value":"bytes"},{"Name":"Cache-Control","Value":"max-age=31536000, immutable"},{"Name":"Content-Length","Value":"2482"},{"Name":"Content-Type","Value":"image/jpeg"},{"Name":"ETag","Value":"\"ru4uU1NFQl3KACFeInr8clIudJSFHoV5R/E0QD3E0zc=\""},{"Name":"Last-Modified","Value":"Fri, 13 Feb 2026 22:34:24 GMT"}],"EndpointProperties":[{"Name":"fingerprint","Value":"675wr15xm1"},{"Name":"integrity","Value":"sha256-ru4uU1NFQl3KACFeInr8clIudJSFHoV5R/E0QD3E0zc="},{"Name":"label","Value":"images/logoybt.jpg"}]},{"Route":"images/logoybt.jpg","AssetFile":"images/logoybt.jpg","Selectors":[],"ResponseHeaders":[{"Name":"Accept-Ranges","Value":"bytes"},{"Name":"Cache-Control","Value":"no-cache"},{"Name":"Content-Length","Value":"2482"},{"Name":"Content-Type","Value":"image/jpeg"},{"Name":"ETag","Value":"\"ru4uU1NFQl3KACFeInr8clIudJSFHoV5R/E0QD3E0zc=\""},{"Name":"Last-Modified","Value":"Fri, 13 Feb 2026 22:34:24 GMT"}],"EndpointProperties":[{"Name":"integrity","Value":"sha256-ru4uU1NFQl3KACFeInr8clIudJSFHoV5R/E0QD3E0zc="}]}]}