{"Version":1,"ManifestType":"Publish","Endpoints":[{"Route":"images/cgt.blv9e4e1gk.jpg","AssetFile":"images/cgt.jpg","Selectors":[],"ResponseHeaders":[{"Name":"Accept-Ranges","Value":"bytes"},{"Name":"Cache-Control","Value":"max-age=31536000, immutable"},{"Name":"Content-Length","Value":"11366"},{"Name":"Content-Type","Value":"image/jpeg"},{"Name":"ETag","Value":"\"L4YJTur9jeE5Ts8GNEqrtkGMi5tB9r22GOv5G37pGLk=\""},{"Name":"Last-Modified","Value":"Thu, 05 Feb 2026 12:14:59 GMT"}],"EndpointProperties":[{"Name":"fingerprint","Value":"blv9e4e1gk"},{"Name":"integrity","Value":"sha256-L4YJTur9jeE5Ts8GNEqrtkGMi5tB9r22GOv5G37pGLk="},{"Name":"label","Value":"images/cgt.jpg"}]},{"Route":"images/cgt.jpg","AssetFile":"images/cgt.jpg","Selectors":[],"ResponseHeaders":[{"Name":"Accept-Ranges","Value":"bytes"},{"Name":"Cache-Control","Value":"no-cache"},{"Name":"Content-Length","Value":"11366"},{"Name":"Content-Type","Value":"image/jpeg"},{"Name":"ETag","Value":"\"L4YJTur9jeE5Ts8GNEqrtkGMi5tB9r22GOv5G37pGLk=\""},{"Name":"Last-Modified","Value":"Thu, 05 Feb 2026 12:14:59 GMT"}],"EndpointProperties":[{"Name":"integrity","Value":"sha256-L4YJTur9jeE5Ts8GNEqrtkGMi5tB9r22GOv5G37pGLk="}]}]}